int,20
java,20
arg,20
split,20
file,20
main,20
format,20
string,20
integ,20
util,20
get,20
io,20
text,20
line,20
except,20
pars,20
print,20
system,20
doubl,19
end,19
add,19
println,19
equal,18
list,18
input,17
compar,17
round,17
sort,16
set,15
total,15
array,15
process,15
read,14
length,14
calcul,14
buffer,14
reader,14
math,13
close,13
found,13
contain,13
replac,12
collect,12
output,11
decim,11
type,10
number,10
size,10
next,10
char,9
current,9
trace,9
stack,9
valu,8
new,8
substr,8
check,7
map,5
temp,5
processor,5
data,5
instanc,5
error,5
updat,5
case,5
key,5
trim,5
half,4
hash,4
float,4
index,4
bound,4
calc,4
field,4
negat,4
empti,4
display,4
formatt,4
scanner,4
filenam,4
overrid,4
vector,4
order,3
stream,3
remov,3
digit,3
match,3
lower,3
copi,3
num,3
amount,3
runtim,3
exit,3
initialis,3
tree,3
count,2
iter,2
str,2
warn,2
null,2
oper,2
duplic,2
argum,2
charact,2
databas,2
return,2
ignor,2
uid,2
lang,2
gener,2
unround,2
abstract,2
suppress,2
err,2
sum,2
version,1
exist,1
switch,1
uniqu,1
method,1
object,1
find,1
build,1
test,1
initi,1
path,1
comparison,1
nearest,1
invalid,1
repeat,1
boolean,1
lowest,1
percentag,1
space,1
pass,1
indic,1
caught,1
failur,1
ioe,1
token,1
sorter,1
comma,1
load,1
smallest,1
summari,1
remain,1
clear,1
old,1
reformat,1
scan,1
run,1
sourc,1
factori,1
retriev,1
sequenc,1
pos,1
rounder,1
revers,1
comput,1
checker,0
printer,0
point,0
loader,0
